Gender,Class Year,Marital Status,Major,Next Degree,FY04Giving,FY03Giving,FY02Giving,FY01Giving,FY00Giving,AttendenceEvent
M,1957,M,History,LLB,2500,2500,1400,12060,12000,1
M,1957,M,Physics,MS,5000,5000,5000,5000,10000,1
F,1957,M,Music,NONE,5000,5000,5000,5000,10000,1
M,1957,M,History,NONE,0,5100,200,200,0,1
M,1957,M,Biology,MD,1000,1000,1000,1005,1000,1
F,1957,M,Mathematics,NONE,0,0,0,0,0,0
F,1957,S,History,MA,0,0,0,0,0,0
F,1957,M,Music,NONE,100,100,100,100,100,0
M,1957,M,Spanish,NONE,100,100,100,100,100,0
M,1957,M,English,NONE,0,0,0,0,0,1
F,1957,M,Mathematics,TC,0,0,0,0,0,1
F,1957,M,Psychology,NONE,0,0,0,0,0,1
M,1957,M,Economics-Business,NONE,0,0,0,0,0,0
M,1957,M,Biology,PHD,1500,1500,1500,1500,1000,1
F,1957,M,English,MLS,1500,1500,1500,1500,1000,1
F,1957,M,Comparative Literature,NONE,0,0,0,0,0,1
M,1957,D,Mathematics,PHD,0,0,0,0,0,0
M,1957,M,Psychology,JD,158,157,156,160,154,0
F,1957,W,Sociology,ME,1500,1500,1000,500,500,1
M,1957,M,Philosophy-Religion,STM,100,100,100,100,100,0
F,1957,M,Sociology,NONE,0,150,50,50,0,0
F,1957,M,English,MA,500,500,400,350,300,1
M,1957,M,Economics-Business,NONE,150,75,0,150,75,0
M,1957,M,Economics-Business,MBA,0,50,0,50,100,1
F,1957,W,Education,NONE,50,50,50,50,50,0
M,1957,M,Physical Education,MA,0,50,0,0,0,0
F,1957,M,Education,NONE,360,357,335,300,285,1
M,1957,M,Economics-Business,NONE,0,0,0,0,0,0
F,1957,W,English,NONE,0,0,0,0,0,0
M,1957,M,English,MA,0,0,0,0,0,1
M,1957,M,English,PHD,25,50,25,25,25,0
F,1957,M,Zoology,UMDS,0,0,0,0,0,0
M,1957,M,History,NONE,1500,1500,250,455,200,0
F,1957,M,Political Science,MS,0,200,0,0,0,0
M,1957,M,General Science,NONE,0,0,1000,1070,0,1
F,1957,M,Education,ME,0,0,0,0,0,1
M,1957,M,Mathematics-Physics,PHD,0,0,25,50,25,0
M,1957,M,History,UBDS,0,50,0,0,0,0
M,1957,M,Psychology,NONE,175,180,175,175,175,1
M,1957,D,History,PHD,158,162,160,155,154,0
M,1957,M,English,MA,100,100,50,100,100,1
M,1957,M,History,LLB,0,157,250,315,160,1
M,1957,M,Chemistry,PHD,50,50,30,25,60,1
M,1957,S,Economics-Business,NONE,35,35,35,35,40,0
M,1957,M,English,JD,900,450,200,200,175,1
M,1957,S,Economics-Business,PHD,0,0,0,0,0,0
F,1957,M,Education,NONE,0,30,25,50,0,1
M,1957,M,History,NONE,0,500,0,0,0,1
F,1957,M,History,JD,250,250,202,160,300,1
M,1957,M,Biology,PHD,200,250,225,200,0,1
M,1957,M,Music,MA,100,0,0,100,0,0
M,1957,M,Chemistry-Zoology,UBDS,0,1000,0,250,0,1
M,1957,M,Psychology,MS,50,55,50,50,50,1
M,1957,M,Biology,NONE,0,100,50,25,0,0
F,1957,D,Art,UNKD,15,15,10,20,10,1
M,1957,M,English,MFA,0,0,0,0,0,0
F,1957,D,French,NONE,0,0,350,350,400,1
M,1957,M,Physics,NONE,0,0,0,0,0,0
F,1957,D,Spanish,MA,0,0,0,0,0,1
M,1957,M,History,BD,0,0,0,50,50,0
F,1957,M,Music,NONE,0,0,0,50,0,1
F,1957,M,Comparative Literature,NONE,0,0,0,0,0,0
M,1957,M,History,MD2,0,100,100,100,0,0
M,1957,M,Economics-Business,NONE,0,0,0,0,0,1
F,1957,W,Physical Education,BS,0,0,0,0,0,0
M,1957,M,History,NONE,220,100,51,0,60,0
F,1957,S,Sociology,NONE,0,50,0,100,50,0
M,1957,M,Music,MA,200,400,200,250,250,1
M,1957,D,Political Science,MA,158,157,156,310,154,1
F,1957,D,History,NONE,0,200,0,0,0,1
M,1957,M,Economics-Business,NONE,0,0,0,0,0,0
M,1957,M,Economics-Business,MA,500,1000,0,0,0,1
M,1957,M,Economics-Business,LLD,0,0,0,0,25,0
M,1957,M,Economics-Business,JD,158,157,0,155,0,1
F,1957,M,Sociology,NONE,300,200,200,300,100,1
M,1957,M,Economics-Business,NONE,200,0,251,0,0,1
F,1957,M,Physical Education,NONE,250,750,200,200,200,1
M,1957,M,English-Journalism,NONE,237.76,1500,74.68,60,25,1
F,1957,M,Psychology,NONE,0,0,0,0,0,1
M,1957,D,Art,NONE,0,0,0,0,0,1
F,1957,M,Sociology,NONE,0,57,0,0,0,1
M,1957,M,Physical Education,MSE,158,157,156,155,154,1
M,1957,M,Economics-Business,NONE,0,160,0,0,0,1
M,1957,M,Economics-Business,NONE,0,50,25,25,25,1
M,1957,M,Philosophy,PHD,316,314,312,310,308,1
F,1957,M,Biology,NONE,1000,1000,1000,0,1000,0
M,1957,M,Mathematics,NONE,300,300,300,250,200,1
M,1957,W,Art,NONE,0,0,0,0,0,1
F,1957,D,Music,MD,0,0,0,0,0,0
M,1957,M,Economics-Business,MBA,500,500,500,200,0,0
F,1957,D,Music,MA,200,200,186,175,175,1
M,1957,M,Sociology,MAT,100,100,50,100,50,1
F,1957,M,"Speech (Drama, etc.)",NONE,0,0,500,0,0,1
M,1957,M,Economics-Business,PHD,0,0,0,0,0,0
F,1957,M,Chemistry-Zoology,MS,2000,10000,1000,1200,1000,1
M,1957,D,Zoology,DO2,0,0,0,0,55,0
M,1957,M,Chemistry-Zoology,MD,0,14800,0,2000,0,1
F,1957,M,Psychology,MS,0,100,25,0,0,1
M,1957,M,Mathematics-Physics,NONE,0,2500,2000,161370.06,6000,1
F,1957,M,Speech Correction,NONE,0,0,25,25,25,0
F,1957,W,Sociology,NONE,300,300,300,0,500,1
F,1957,D,German,TC,158,50,200,310,100,1
M,1957,M,Economics-Business,MPA,100,50,50,50,50,1
M,1957,M,Psychology,TC,158,157,156,100,100,1
M,1957,M,History,PHD,11505.84,10000,10000,0,20000,1
F,1957,S,History,NONE,0,0,0,0,0,0
M,1957,M,Philosophy-Religion,NONE,100,100,100,100,100,1
M,1957,M,History,MBA,100,100,100,100,100,1
M,1957,D,Psychology,UNKD,225,50,40,40,40,0
M,1957,M,English,MS,50,50,0,0,0,0
M,1957,M,Mathematics,UNKD,500,500,500,500,500,1
F,1957,M,Physical Education,ME,1500,1500,1000,2000,1000,1
M,1957,S,Economics-Business,NONE,0,0,0,0,0,1
F,1957,M,Sociology,NONE,1771.04,15634.5,600,500,500,1
M,1957,M,History,JD,0,2000,2000,0,0,0
M,1957,M,Mathematics,PHD,258,100,0,0,175,1
M,1957,M,Economics-Business,MBA,1500,1500,1000,1000,1000,1
M,1957,M,Psychology,PHD,100,100,100,200,100,1
M,1957,M,Economics-Business,NONE,375,350,325,300,275,1
M,1957,M,Economics-Business,NONE,0,0,0,0,0,0
M,1957,D,Economics-Business,NONE,0,0,0,0,0,1
F,1957,M,Speech Correction,NONE,0,0,0,0,0,0
M,1957,W,Economics-Business,MBA,5000,58785.5,8031,12878.14,6131.24,1
F,1957,M,Education,NONE,100,100,100,100,100,1
F,1957,W,Education,NONE,50,50,50,100,100,1
M,1957,M,Economics-Business,NONE,20,0,0,0,0,0
M,1957,M,Sociology,PHD,80,80,100,120,100,1
M,1967,M,Philosophy-Religion,PHD,0,0,0,0,0,1
M,1967,M,Political Science,JD,0,0,0,0,0,1
F,1967,M,Psychology,MSW,5000,2000,2000,1000,1000,1
M,1967,M,Political Science,ML,5000,2000,2000,1000,1000,1
M,1967,M,"Speech (Drama, etc.)",JD,14655.25,14776,11187.26,14466.81,16959.99,1
M,1967,M,Political Science,MS,2500,2500,2500,2500,2500,1
M,1967,M,Economics,JD,577.85,537.64,512.55,515.06,330.1,0
M,1967,M,History,JD,11500,26500,1000,2500,1000,1
F,1967,M,History,MS,500,500,300,0,0,1
F,1967,S,Biology,NONE,100,0,50,100,0,1
M,1967,M,Biology,NONE,158,160,160,156,155,1
M,1967,M,Chemistry,UDDS,0,0,0,0,0,0
M,1967,M,Economics,MM,0,0,0,0,0,0
M,1967,M,English,JD,0,114,1006,1039,1000,1
M,1967,M,History,NONE,0,200,0,200,154,1
F,1967,M,Sociology-Anthropology,ME,0,0,0,0,154,0
F,1967,D,Philosophy,NONE,0,0,0,0,0,1
M,1967,D,History,MA,600,550,165,1350,1350,1
M,1967,M,Mathematics,MS,310,157,150,210,154,1
M,1967,D,Economics,NONE,0,100,0,100,0,0
F,1967,D,Chemistry,MD,50,100,50,50,50,1
M,1967,M,Biology,MD,200,100,200,200,200,0
F,1967,S,English,MA,0,350,300,155,150,1
M,1967,M,Philosophy-Religion,MA,0,0,0,0,0,0
F,1967,M,Biology,PHD,0,0,0,0,0,1
M,1967,M,Economics,UMD,0,0,0,0,0,0
F,1967,M,History,MLS,0,0,250,500,250,1
M,1967,S,Psychology,MD,0,0,0,0,0,0
F,1967,M,History,MAT,0,500,500,400,100,1
M,1967,S,Classics,PHD,200,300,500,1000,1000,0
F,1967,M,History,MLS,0,0,0,0,0,0
M,1967,S,History,NONE,100,100,100,100,55,1
F,1967,M,English,MA,25,10,25,25,25,0
F,1967,M,American Studies,MS,100,100,100,100,0,1
M,1967,M,Psychology,NONE,25,25,20,0,0,0
M,1967,D,Chemistry,UDDS,250,0,156,200,200,1
F,1967,S,English,NONE,0,0,200,50,50,1
M,1967,M,History,MA,10,0,0,0,0,1
M,1967,M,History,NONE,0,0,0,0,0,0
F,1967,M,English,NONE,0,0,100,100,100,0
M,1967,M,Economics,NONE,0,0,100,100,100,0
M,1967,M,History,PHD,0,0,0,0,0,0
M,1967,M,Political Science,JD,15,0,0,15,15,0
F,1967,M,Music,MAT,0,0,0,50,60,1
M,1967,M,History,PHD,160,160,160,160,160,0
F,1967,D,"Speech (Drama, etc.)",NONE,0,0,0,0,0,1
F,1967,M,English,TC,0,5,0,0,0,0
M,1967,M,History,MA,50,50,50,50,60,1
M,1967,M,History,MA,50,50,0,0,0,1
M,1967,M,Economics-Regional Stds.,MBA,0,250,250,0,200,0
M,1967,D,English,UDDS,0,100,0,100,125,0
M,1967,M,Physics,PHD,0,0,156,155,100,1
F,1967,S,Philosophy,JD,0,50,50,0,0,0
F,1967,M,Spanish,NONE,0,0,0,0,100,0
F,1967,M,English,NONE,200,0,0,0,0,0
M,1967,D,History,JD,0,0,0,0,0,1
M,1967,S,Sociology-Anthropology,MBA,385,35,170,136,250,1
M,1967,M,History,PHD,0,0,0,0,0,1
M,1967,M,Philosophy-Religion,MD2,200,200,156,0,0,0
M,1967,M,Philosophy-Religion,NONE,0,0,0,0,0,1
M,1967,M,Philosophy-Religion,PHD,0,0,0,0,25,1
F,1967,D,Political Science,ME,0,0,0,0,0,0
M,1967,D,History,JD,0,0,0,0,0,0
F,1967,M,Economics,NONE,100,1000,1100,2799.5,1000,1
M,1967,M,Economics,NONE,0,0,0,0,0,0
F,1967,M,French,MA,200,200,200,200,154,0
M,1967,D,Economics,NONE,0,0,0,0,0,0
M,1967,M,"Speech (Drama, etc.)",PHD,250,250,250,250,250,1
M,1967,M,Biology,MD,100,1000,1100,2799.48,1000,1
F,1967,M,Political Science,NONE,0,0,0,0,0,1
M,1967,M,English,PHD,0,0,10,0,0,1
F,1967,M,English,MSW,100,100,75,50,0,1
M,1967,M,Biology,MD,0,0,0,0,0,0
F,1967,M,Sociology-Anthropology,NDA,75,50,75,75,75,1
F,1967,D,Chemistry,MS,1200,1000,800,700,450,1
F,1967,S,Music,MAT,0,157,156,155,154,1
F,1967,D,English,MFA,37,67,0,55,0,0
M,1967,M,Psychology,PHD,0,0,0,0,0,0
F,1967,D,American Studies,NONE,150,0,0,0,0,0
F,1967,S,Psychology,MA,0,0,0,0,0,1
M,1967,M,Biology,MS,100,100,200,200,100,1
M,1967,M,Biology,MD,100,100,150,150,105,1
F,1967,D,History,MALS,50,150,200,160,100,1
M,1967,M,History,MD,200,100,100,100,50,0
M,1967,S,History,JD,0,0,0,0,0,1
M,1967,M,History,PHD,0,20,0,0,0,1
F,1967,M,History,NONE,100,100,100,0,100,1
M,1967,M,Political Science,JD,100,100,0,25,0,0
F,1967,M,Mathematics,UMDS,157,150,200,150,250,0
M,1967,M,Economics,TC,0,0,0,0,0,1
M,1967,M,Biology,NONE,0,0,0,0,0,0
M,1967,M,Political Science,PHD,100,200,200,100,100,0
F,1967,M,History,NONE,100,200,200,100,100,0
M,1967,S,Political Science,NONE,50,50,50,50,100,0
F,1967,M,Biology,NONE,100,100,100,100,100,0
F,1967,S,"Speech (Drama, etc.)",MA,0,0,0,0,0,1
F,1967,M,Sociology-Anthropology,MA,50,50,0,50,50,0
F,1967,M,English,MSW,0,0,0,0,0,1
M,1967,M,Chemistry,PHD,0,0,0,0,0,1
F,1967,M,Sociology-Anthropology,MA,18,18,18,20,0,0
F,1967,M,English,MLS,0,0,0,0,0,0
F,1967,D,English,ME,25,25,25,25,25,0
F,1967,M,Sociology-Anthropology,PHD,25,0,25,25,25,0
F,1967,S,Sociology-Anthropology,JD,500,500,450,300,500,1
F,1967,M,English,MFA,150,200,200,400,350,1
F,1967,D,Speech Correction,NONE,0,0,0,0,0,1
M,1967,M,Biology,PHD,0,0,0,0,0,1
M,1967,S,Biology,NONE,0,0,0,0,0,0
F,1967,M,Psychology,NONE,500,250,0,250,100,1
F,1967,S,Sociology-Anthropology,MSW,0,0,0,0,0,0
F,1967,D,History,PHD,2500,3500,3500,5000,5000,1
M,1967,M,Economics,MAT,0,0,0,0,0,1
M,1967,M,Chemistry,PHD,200,200,200,400,0,1
F,1967,M,Speech Correction,NONE,50,50,0,50,0,0
F,1967,S,Pol. Sci.-Regional Stds.,ME,0,0,0,0,0,1
M,1967,M,Economics,NONE,750,750,700,650,650,1
F,1967,S,History,NONE,0,0,0,0,0,1
M,1967,M,Biology,NONE,0,0,0,0,0,0
F,1967,M,Economics,TC,75,55,55,55,100,1
M,1967,M,French,NONE,350,350,350,350,350,1
F,1967,D,English,NONE,10,20,20,20,15,1
F,1967,M,American Studies,ME2,0,45,70,35,0,0
M,1967,M,Philosophy-Religion,MPA,0,160,100,160,0,1
M,1967,M,History,MA,0,0,0,0,0,0
F,1967,S,English,NONE,0,0,0,0,0,0
M,1967,M,Spanish,PHD,70,60,50,75,60,1
F,1967,M,Political Science,NONE,0,0,0,0,0,1
M,1967,M,Chemistry,MBA,1000,0,0,0,0,0
M,1967,M,Biology,BS,0,0,0,0,0,0
M,1967,S,Sociology-Anthropology,MA,0,30,0,0,0,0
F,1967,D,Art,NONE,25,100,0,500,250,1
F,1967,M,Economics,MA,158,100,100,100,100,1
M,1967,M,Economics,MA,0,0,0,0,0,1
F,1967,M,Spanish,JD,300,300,0,0,150,0
F,1967,D,English,NDA,0,0,0,0,0,0
M,1967,M,English,NONE,25,25,50,50,25,0
F,1967,S,Political Science,UMD,2000,2000,2000,2000,2500,1
M,1967,S,English,NONE,0,0,0,0,0,0
F,1967,D,French,MA,0,0,0,0,156,1
M,1967,M,Chemistry,MD,158,0,0,155,154,0
M,1967,M,Economics,MBA,0,75,55,50,80,0
F,1967,M,Music,MS,200,200,175,175,154,0
M,1967,D,Economics,JD,50,0,0,0,0,1
F,1967,D,Biology,PHD,200,100,200,200,200,1
M,1967,M,Psychology,PHD,250,250,200,200,200,1
M,1967,M,American Studies,JD,152.42,162.14,153.1,166.52,150.5,1
F,1967,M,English,MD2,80,0,75,60,60,1
M,1967,M,Chemistry,MD,0,0,0,0,0,0
M,1967,M,Mathematics,MS,100,75,60,100,100,1
M,1967,M,Political Science,NONE,0,0,0,0,0,1
M,1967,M,Economics-Regional Stds.,MS,0,0,0,0,0,1
F,1967,M,Political Science,UMDS,0,50,50,100,50,0
M,1967,M,Chemistry,PHD,0,0,156,155,154,0
F,1967,M,English,MA,0,0,156,155,154,0
M,1967,S,Political Science,NONE,0,0,0,0,0,0
F,1967,D,Psychology,NONE,100,75,0,75,75,1
F,1967,M,History,MA,0,0,200,150,0,0
F,1967,M,Psychology,MSW,100,157,200,200,150,1
F,1967,M,English,MAT,560,560,560,560,550,0
M,1967,M,Music,MAT,25,0,0,0,0,0
M,1967,M,Philosophy-Religion,JD,0,0,0,0,200,1
F,1967,D,Sociology-Anthropology,JD,0,0,0,0,0,1
M,1967,D,History,MBA,0,0,0,0,0,0
F,1967,M,English,NONE,0,0,0,50,0,1
F,1967,M,Art,NONE,0,50,0,0,0,1
M,1967,M,Political Science,JD,1500,100,450,220,200,1
M,1967,M,Political Science,NDA,200,200,300,200,200,1
F,1967,M,Economics,MA,0,0,0,0,0,0
M,1967,M,Political Science,MA,0,0,0,0,0,0
F,1967,M,French,MLS,0,0,0,0,0,0
F,1967,M,American Studies,MA,250,200,100,100,0,1
F,1967,M,History,MA,125,100,100,310,100,0
M,1967,M,Chemistry,PHD,125,100,100,310,100,0
F,1967,M,History,MLS,100,25,25,75,40,1
M,1967,M,Philosophy,JD,158,200,150,275,250,1
M,1967,M,History,JD,100,50,60,50,50,1
F,1967,W,English,TC,0,20,15,10,0,1
F,1967,M,American Studies,NONE,100,100,100,155,100,0
F,1967,D,"Speech (Drama, etc.)",ME,0,0,40,35,25,1
M,1967,M,Psychology,UMD,500,157,156,155,75,1
F,1967,M,English,MD2,0,0,180,175,155,0
F,1967,M,History,NONE,250,250,250,250,250,1
F,1967,M,Classics,PHD,160,157,156,155,100,1
M,1967,M,Psychology,NDA,160,157,156,155,100,1
M,1967,M,History,MSW,0,0,0,0,0,0
M,1967,M,English,JD,0,0,0,0,0,1
F,1967,D,Music,NONE,0,0,0,0,0,1
M,1967,M,Psychology,BA,0,0,0,0,0,1
F,1967,M,Classics,MA,0,0,0,0,0,0
M,1967,M,Art,NONE,0,0,0,0,0,0
M,1967,M,Biology,UBDS,0,0,0,0,0,0
M,1967,D,German,PHD,0,0,0,0,0,0
M,1967,W,Economics,NONE,275,275,260,250,250,0
F,1967,M,American Studies,MA,0,0,0,0,0,1
M,1967,M,Chemistry,NONE,0,0,0,0,0,0
M,1967,M,History,MAT,600,600,500,400,400,0
F,1967,D,Biology,PHD,0,157,191,185,175,0
F,1967,M,American Studies,BSN,275.81,270.04,261.84,259.88,50,1
F,1967,W,"Speech (Drama, etc.)",NONE,250,250,200,200,100,1
F,1967,M,Art,NONE,500,0,0,1000,200,1
M,1967,M,Chemistry,PHD,200,0,250,250,250,0
M,1967,M,Mathematics,MBA,158,157,1,311,154,0
M,1967,M,Chemistry,MS,25,50,25,25,0,0
F,1967,M,English,MSW,200,150,0,155,100,1
F,1967,M,English,ME,350,300,300,300,250,1
F,1967,M,Sociology-Anthropology,NONE,0,0,0,0,0,0
F,1967,M,History,NONE,500,0,0,0,0,0
M,1967,S,Economics,NONE,0,0,0,0,0,0
M,1967,M,Biology,MD,100,0,100,125,125,1
F,1967,D,Biology,NONE,0,0,0,0,0,0
F,1967,M,Music,MLS,0,0,250,0,275,1
M,1967,M,Mathematics,MA,25,25,0,25,25,0
M,1967,S,Psychology,MS,150,125,100,100,100,0
M,1967,D,Political Science,MA,400,400,400,500,300,0
M,1967,S,Mathematics,NONE,158,157,156,155,154,0
M,1967,M,Sociology-Anthropology,JD,0,0,0,0,0,0
M,1967,M,Biology,MA,0,0,0,0,0,0
F,1967,M,Biology,PHD,0,0,156,155,100,1
M,1967,M,Political Science,MPA,0,0,0,75,50,1
M,1967,M,Mathematics,PHD,0,0,0,0,0,0
F,1967,S,German,BA,250,200,200,200,200,1
F,1967,M,English,MA,250,200,200,200,200,1
F,1977,S,Anthropology,BSN,25,0,25,15,0,1
F,1977,M,Mathematics,MS,158,157,156,400,400,1
F,1977,M,Religious Studies,MS,100,75,60,110,175,1
M,1977,M,Music,NDA,0,0,0,0,50,1
M,1977,M,History,MA,125,75,75,75,60,1
M,1977,M,Biology,PHD,0,0,0,0,0,1
M,1977,M,Psychology,PHD,1500,1500,1000,1000,1000,1
F,1977,M,English,NONE,21,15,0,21,0,0
F,1977,S,Sociology,NONE,0,0,0,0,0,0
M,1977,M,Biology,MD,5000,1500,1000,1000,1000,1
F,1977,S,Religious Studies,MD2,0,0,0,0,100,1
M,1977,D,Philosophy,JD,0,0,0,0,0,1
M,1977,S,Mathematics,PHD,0,0,0,0,0,0
F,1977,M,History,JD,1493.85,1500,1000,0,750,0
F,1977,M,Independent,MFA,60,50,50,0,10,1
F,1977,M,Economics,JD,0,157,156,155,154,0
F,1977,M,Russian,MPH,0,0,20,10,0,1
M,1977,S,Spanish,NONE,0,0,50,0,0,1
F,1977,M,Anthropology,MBA,0,0,0,0,0,0
F,1977,M,Art,NONE,0,0,0,0,0,0
F,1977,S,History,NONE,0,0,0,0,0,0
F,1977,M,Spanish,MS,250,200,200,160,450,0
M,1977,M,Biology,MS,0,40,40,30,0,0
F,1977,M,Anthropology,MS,0,0,0,0,0,1
F,1977,S,Religious Studies,NONE,0,0,0,0,0,0
F,1977,M,Biology,MS,55,0,55,55,51,0
M,1977,M,Political Science,JD,0,80,50,75,50,1
M,1977,M,Biology,MD,0,0,0,0,0,0
M,1977,S,Art,MBA,100,100,0,0,0,0
M,1977,M,English,MFA,120,175,175,155,160,1
F,1977,M,Psychology,NONE,75,0,0,75,100,0
F,1977,S,History,TC,0,0,0,0,0,0
M,1977,M,English,MA,0,0,0,25,0,1
M,1977,M,Music,NONE,0,0,50,50,0,0
M,1977,M,English,MA,3000,2500,1500,500,1500,1
F,1977,M,American Studies,PHD,0,0,0,50,0,1
M,1977,M,English,MA,0,0,0,0,0,0
F,1977,M,English,UBDS,0,0,0,0,0,1
F,1977,D,Independent,MA,0,0,0,0,0,0
F,1977,S,History,NDA,0,0,0,0,0,1
M,1977,M,History,NONE,500,750,1000,1000,60,1
M,1977,S,Theatre,MFA,25,50,50,25,0,1
F,1977,M,American Studies,MS,0,0,100,100,100,0
F,1977,M,History,NONE,0,0,75,0,154,0
F,1977,S,French,NONE,0,0,0,0,0,0
F,1977,M,Spanish,MA,0,0,0,75,50,0
M,1977,M,Biology,MBA,0,0,0,0,0,1
F,1977,M,Political Science,JD,0,0,100,85,75,1
F,1977,M,Sociology,NONE,0,0,0,0,0,0
M,1977,S,Economics,MBA,0,0,0,200,50,1
F,1977,M,American Studies,JD,158,157,156,155,154,1
M,1977,S,History,MA,160,160,160,140,120,1
M,1977,S,History,MHA,250,157,50,155,150,1
F,1977,M,General Science,NONE,0,0,0,0,0,0
M,1977,M,English,MA,0,0,0,0,100,0
M,1977,M,Philosophy,JD,158,157,156,155,150,0
F,1977,D,Spanish,MS,100,35,40,30,40,0
F,1977,M,Religious Studies,MD2,0,0,0,0,0,0
M,1977,M,Philosophy,NONE,0,0,0,200,0,0
F,1977,M,English,UBDS,0,0,0,0,0,0
M,1977,M,American Studies,MS,20,10,30,15,10,0
M,1977,M,Classics,NONE,175,0,250,0,0,0
F,1977,M,History,MA,100,100,100,100,100,1
F,1977,M,Biology,MS,0,0,50,0,0,1
M,1977,M,History,MA,120,120,95,75,75,1
M,1977,M,English,NONE,0,0,0,0,0,0
F,1977,S,Political Science,NONE,0,0,0,0,0,0
M,1977,M,Anthropology,TC,26,0,26,26,26,1
M,1977,M,History,JD,200,200,250,200,100,1
M,1977,S,Mathematics-Physics,PHD,0,400,0,200,140,0
M,1977,M,Chemistry,NONE,0,0,0,400,350,0
M,1977,M,Physics,PHD,100,0,50,0,25,0
M,1977,M,Art,MA,0,0,25,0,350,1
M,1977,M,English,MA,0,0,155,200,200,1
M,1977,S,Psychology,NONE,0,0,0,0,0,0
F,1977,M,Art,NONE,0,0,0,0,0,0
M,1977,M,History,JD,0,0,0,0,0,0
M,1977,M,History,MA,0,40,40,30,25,1
F,1977,M,Religious Studies,PHD,0,0,0,0,0,1
F,1977,S,American Studies,TC,2600,300,1250,200,1000,1
M,1977,M,Biology,MD,0,0,0,0,0,0
F,1977,M,Biology,MS,0,0,90,0,90,0
M,1977,M,History,NONE,0,85,50,75,0,1
M,1977,S,Psychology,NONE,0,0,0,0,0,0
M,1977,M,Political Science,JD,0,0,0,20,0,1
M,1977,S,Classics,PHD,0,0,0,0,0,0
F,1977,S,Psychology,MSW,0,0,0,0,0,0
M,1977,D,Political Science,MA,0,0,0,0,0,1
M,1977,M,Art,NONE,100,75,75,75,75,1
M,1977,S,Psychology,TC,0,0,0,0,0,1
F,1977,M,Art,MA,158,157,156,100,100,0
M,1977,M,General Science-Biology,MA,0,0,25,25,0,0
F,1977,M,Philosophy,PHD,0,0,0,0,0,0
F,1977,M,Economics,MA,0,0,0,0,50,1
M,1977,M,Biology,MD,158,100,500,50,50,1
F,1977,S,Theatre,MFA,0,0,0,0,0,0
M,1977,M,History,NONE,0,0,0,0,0,1
F,1977,S,Political Science,MBA,100,25,50,0,25,1
M,1977,M,Biology,BD,50,50,50,0,0,0
F,1977,M,English,NONE,25,125,0,50,50,0
F,1977,W,Biology,JD,2000,0,0,0,0,1
M,1977,M,History,NONE,25,0,100,25,0,1
M,1977,S,General Science-Psycho,TC,0,0,0,0,0,1
F,1977,M,Economics,PHD,1200,600,1000,400,1000,1
M,1977,M,Russian,NONE,300,300,300,300,300,1
F,1977,M,Economics,MBA,110,100,110,0,100,1
M,1977,S,English,NONE,0,0,0,0,0,0
F,1977,M,English,MA,60,0,0,75,0,0
M,1977,M,Biology,UDDS,0,0,0,0,0,1
F,1977,D,Chemistry,PHD,200,157,350,300,154,1
F,1977,M,Political Science,NONE,15,0,0,0,0,0
F,1977,M,History,NONE,0,0,0,200,0,0
M,1977,M,Biology,MD,0,0,0,0,0,0
F,1977,S,Philosophy,JD,0,0,0,0,0,1
M,1977,M,English,MBA,0,0,0,0,0,1
M,1977,M,Philosophy,NONE,0,0,0,0,0,0
F,1977,M,General Science,ME,0,125,110,30,100,1
F,1977,M,Political Science,JD,0,0,0,25,0,1
F,1977,M,Political Science,JD,582.55,0,0,17.64,300,1
F,1977,M,History,NDA,0,0,0,0,0,1
M,1977,M,Economics,JD,0,40,35,0,0,0
F,1977,D,Economics,JD,1000,1500,6000,2000,21000,1
F,1977,M,Political Science,NONE,0,0,0,0,0,0
M,1977,D,Chemistry,NONE,0,100,0,0,0,0
F,1977,M,Economics,JD,0,0,0,0,0,0
F,1977,M,Psychology,ME,0,0,0,0,0,1
M,1977,S,Political Science,JD,0,0,0,0,0,0
M,1977,M,Economics,JD,200,200,200,200,0,0
F,1977,M,French,NONE,50,20,0,0,0,0
F,1977,D,History,NONE,600,750,500,250,200,1
M,1977,S,Political Science,MBA,0,0,156,0,0,1
F,1977,D,Biology,PHD,0,0,0,80,0,0
M,1977,S,Independent,NONE,0,0,0,0,0,0
F,1977,M,English,NONE,175,255.9,156,100,100,1
M,1977,D,Art,PHD,0,0,0,100,0,1
M,1977,S,History,NONE,0,0,0,25,20,1
M,1977,M,Economics,MBA,6500,7000,6000,8000,8860.9,1
M,1977,M,English,NONE,0,0,0,0,0,1
F,1977,M,General Science,BSN,0,0,0,0,0,1
M,1977,M,Chemistry,MD,1000,1000,1000,1000,1000,1
M,1977,S,History,JD,50,50,50,50,50,1
M,1977,M,Political Science,NONE,250,250,0,0,0,1
F,1977,M,Chemistry,MD,0,0,500,0,500,1
F,1977,S,Russian,ME,0,75,50,75,50,1
F,1977,M,English,MBA,0,0,0,0,0,0
M,1977,S,Independent,DMD,50,100,100,100,100,1
M,1977,M,General Science-Biology,MS,158,156,45,0,0,1
M,1977,M,Theatre,MFA,50,50,50,50,100,1
M,1977,M,Mathematics,TC,0,0,0,0,0,1
M,1977,M,English,MA,30,50,50,100,25,1
F,1977,M,History,MA,0,0,0,0,0,0
F,1977,M,English,TC,0,0,50,25,25,0
F,1977,M,Anthropology,NONE,50,157,0,311,155,1
F,1977,S,Biology,MD,0,20,0,0,0,1
F,1977,D,Art,TC,0,50,25,25,0,0
M,1977,M,History,MPA,158,75,50,35,50,1
F,1977,M,Political Science,MS,158,157,156,155,0,1
F,1977,M,Anthropology,MSW,158,157,100,155,100,1
M,1977,M,History,JD,200,200,200,175,175,1
F,1977,M,Psychology,MSW,50,50,25,0,0,0
M,1977,M,Anthropology,MCP,50,157,156,100,50,1
F,1977,M,Psychology,MPH,50,0,50,100,50,0
M,1977,M,Chemistry,PHD,50,50,50,155,154,0
M,1977,M,Religious Studies,NONE,0,0,80,0,0,1
M,1977,S,History,NONE,2740,2620,2073.97,300,200,1
F,1977,S,Biology,PHD,0,0,0,0,0,1
F,1977,D,English,NONE,0,0,0,0,0,1
F,1977,M,History,TC,0,2000,4066,5500,4000,1
F,1977,M,History,MSW,200,200,250,200,100,1
F,1977,M,Economics,MA,0,0,100,0,0,1
M,1977,S,Anthropology,NONE,0,0,0,0,0,0
F,1977,M,General Science-Biology,BSN,100,200,200,100,100,0
F,1977,S,Independent,NONE,0,0,0,0,0,1
M,1977,M,American Studies,NONE,158,157,100,100,100,1
F,1977,M,Music,MS,120,175,175,155,160,1
F,1977,M,Psychology,PHD,0,0,156,155,154,1
M,1977,M,English,NONE,200,200,200,310,100,1
F,1977,D,Spanish,MA,50,50,50,50,50,0
F,1977,M,History,JD,250,100,275,0,100,1
M,1977,D,Theatre,PHD,160,157,1000,750,0,0
M,1977,M,Biology,MD,0,0,0,0,0,0
M,1977,M,Mathematics,PHD,0,0,0,0,0,1
M,1977,M,Political Science,JD,0,0,156,155,154,1
M,1977,M,Music,NONE,0,0,0,0,200,1
M,1977,M,Chemistry,PHD,215,0,215,215,210,0
M,1977,S,Biology,MD,0,2000,0,0,0,0
F,1977,S,Anthropology,PHD,158,157,156,100,50,1
F,1977,M,General Science-Biology,NONE,0,50,50,0,0,0
M,1977,M,American Studies,MA,200,200,200,200,200,1
F,1977,M,Biology,UBDS,0,0,0,0,0,0
M,1977,D,General Science-Biology,MS,175,0,100,0,0,0
F,1977,M,History,MS,0,0,0,325,395,1
M,1977,M,History,MA,0,25,50,110,100,1
F,1977,S,Sociology,AA,50,50,50,50,50,1
M,1977,S,Biology,JD,1000,250,250,200,0,1
M,1977,S,Economics,JD,0,0,0,1000,1000,0
M,1977,M,Economics,MBA,0,0,25,155,154,0
M,1977,S,English,NONE,15,15,15,15,15,0
M,1977,D,Economics,JD,0,0,0,0,0,1
M,1977,S,Biology,PHD,0,0,0,0,100,0
M,1977,S,Physics,NONE,0,156,0,0,0,0
F,1977,M,Art,NONE,0,0,0,0,0,0
M,1977,D,Biology,NONE,0,0,0,0,0,0
F,1977,S,Biology,DO,158,130,125,100,100,1
F,1977,M,German,MA,0,20,20,10,0,0
F,1977,D,Religious Studies,NONE,0,0,0,0,0,0
M,1977,M,History,NONE,158,157,250,220,220,0
M,1977,M,Economics,NONE,0,0,0,0,0,0
M,1977,M,Theatre,NONE,250,407,100,250,150,1
M,1977,M,Philosophy,JD,100,50,0,100,0,1
M,1977,M,English,JD,250,250,250,250,200,1
F,1977,M,Economics,UMD,50,0,0,50,50,0
M,1977,M,English,NONE,50,50,50,50,50,1
F,1977,S,Sociology,MA,0,0,0,0,0,0
F,1977,M,Religious Studies,JD,0,80,50,75,50,1
M,1977,S,Psychology,ME,158,100,0,50,0,1
M,1977,S,History,JD,0,0,0,0,0,1
M,1977,M,Economics,UMD,0,0,0,0,0,1
F,1977,D,Independent,JD,0,0,0,0,0,0
M,1977,M,History,NONE,0,0,40,0,0,1
F,1977,M,Anthropology,MSW,0,0,0,0,0,1
M,1977,M,Biology,PHD,350,250,250,250,250,1
M,1977,M,Chemistry,PHD,0,157,151,155,155,1
M,1977,M,History,TC,200,200,200,300,200,1
F,1977,M,English,NONE,100,75,75,75,50,1
M,1977,D,History,JD,50,0,50,25,0,1
M,1977,M,Biology,DO,0,0,0,0,0,1
F,1977,M,English,MD2,0,0,20,0,25,1
F,1977,M,Philosophy,MA,75,25,75,100,50,0
M,1977,M,Economics,NONE,0,157,0,155,0,1
F,1977,M,Independent,MA,250,300,300,250,250,1
F,1977,M,Art,UMD,20,0,0,0,15,1
M,1977,M,Biology,MD,50,0,0,0,0,0
F,1977,M,Spanish,TC,0,0,155,200,200,1
F,1977,S,English,PHD,0,0,0,0,0,0
F,1977,M,Spanish,NONE,150,75,50,0,254,1
F,1977,S,Anthropology,JD,50,50,50,50,100,1
F,1977,M,Psychology,JD,0,500,0,0,0,1
F,1977,M,Biology,PHD,100,0,0,0,75,1
F,1977,D,Sociology,NONE,0,0,0,0,0,1
M,1977,S,Economics,MS,0,0,0,5,0,0
M,1977,M,Economics,MBA,0,0,0,0,0,1
F,1977,M,Biology,UBDS,158,157,196,200,200,1
M,1987,M,Political Science,NONE,30,200,1,1000,1000,1
M,1987,S,Art,NONE,0,0,0,0,0,1
F,1987,M,Art,MPH,40,35,30,40,30,1
F,1987,M,Economics,JD,0,300,200,300,275,1
M,1987,M,General Science-Biology,NONE,0,50,50,50,50,1
F,1987,M,Mathematics,MS,120,100,0,100,75,1
M,1987,S,History,JD,0,0,0,25,0,0
M,1987,M,Independent,NONE,0,0,0,0,0,1
M,1987,S,Economics,NONE,0,0,0,0,0,0
M,1987,S,Chemistry,NONE,0,0,0,0,0,0
F,1987,S,History,BS,500,500,200,155,100,1
M,1987,M,Religious Studies,MA,50,160,160,50,50,1
F,1987,S,History,MPH,45,40,40,30,0,0
M,1987,M,Physics,MS,50,0,50,50,50,1
M,1987,S,Theatre,NONE,0,0,0,0,0,0
F,1987,M,Political Science,MA,75,75,50,50,50,1
F,1987,S,Music,NONE,0,0,0,0,0,1
F,1987,M,Russian,MA,75,70,65,60,60,1
M,1987,S,English,NONE,0,0,0,0,0,1
F,1987,M,English,NONE,0,0,0,0,0,0
F,1987,M,History,NONE,50,50,0,50,19.87,1
M,1987,M,Economics,MBA,158,157,156,155,154,1
F,1987,S,Anthropology,TC,158,157,156,155,154,1
F,1987,M,Political Science,NONE,0,0,0,25,0,0
F,1987,M,Anthropology,ME,120,100,100,150,75,1
F,1987,M,Art,MA2,0,0,0,0,0,1
M,1987,M,Political Science,JD,200,0,156,100,100,1
M,1987,S,History,NONE,0,0,0,0,0,0
F,1987,M,Religious Studies,NONE,50,50,50,50,25,1
F,1987,M,Psychology,NONE,0,0,65,65,60,1
F,1987,M,Psychology,NONE,25,25,25,50,0,0
M,1987,S,Russian,MA,250,0,0,0,0,1
F,1987,M,Psychology,MA,50,75,50,75,50,1
F,1987,S,History,MA,75,50,0,0,100,1
F,1987,S,Biology,NONE,40,40,40,25,50,1
F,1987,M,Political Science,JD,150,300,300,200,100,1
M,1987,S,Sociology,NONE,0,0,0,0,0,0
M,1987,M,Chemistry,NONE,0,0,0,0,0,1
F,1987,M,Art,MS,0,0,20,100,75,1
F,1987,S,English,JD,1400,0,0,0,250,1
M,1987,S,Physics,MA,500,500,156,155,154,1
M,1987,S,Political Science,NONE,0,0,0,0,0,1
F,1987,M,Biology,MA,0,150,0,0,275,1
F,1987,M,English,UNKD,25,0,25,25,0,0
F,1987,M,Chemistry,NDA,0,0,0,0,0,1
M,1987,M,History,MBA,0,0,0,0,0,0
F,1987,D,History,MA,0,0,0,0,0,1
M,1987,M,History,MA,50,50,50,30,30,1
F,1987,M,Psychology,PHD,0,0,0,0,50,1
F,1987,M,French,NONE,0,50,10,50,50,1
F,1987,M,Psychology,MA,15,0,0,10,20,0
F,1987,S,Anthropology,JD,0,0,0,0,0,0
M,1987,M,History,JD,158,125,125,110,100,1
F,1987,S,Biology,NONE,50,0,35,0,30,1
F,1987,M,Political Science,NONE,0,0,0,0,0,1
F,1987,M,Biology,MPA,160,160,160,160,154,1
F,1987,M,Sociology,NONE,25,25,25,20,15,1
F,1987,M,Independent,JD,1500,1500,1000,155,100,1
F,1987,M,Biology,MD,0,0,0,0,0,0
M,1987,S,English,NONE,0,0,0,0,0,1
F,1987,M,Anthropology,NONE,50,50,50,50,50,1
M,1987,S,History,PHD,0,0,0,0,0,1
M,1987,S,Religious Studies,NONE,0,0,0,25,0,1
M,1987,M,Russian,NONE,0,0,0,0,0,1
F,1987,M,Anthropology,NONE,158,157,156,155,154,1
F,1987,M,History,MA,0,100,0,0,0,1
M,1987,M,Biology,JD,207,50,188,326,110,1
F,1987,S,American Studies,ME,0,0,0,0,0,1
M,1987,M,Mathematics,MS,50,50,0,50,100,1
F,1987,S,Economics,MBA,0,0,0,0,0,1
F,1987,M,Chemistry,NONE,0,0,20,0,30,1
M,1987,S,Mathematics,MBA,1000,1000,0,0,500,1
F,1987,M,Chemistry,PHD,0,50,50,50,50,1
M,1987,S,Spanish,MS,0,0,30,100,50,1
M,1987,S,Economics,NONE,0,0,0,0,0,0
F,1987,S,Psychology,BFA,0,0,0,25,0,1
M,1987,M,Psychology,PHD,75,60,60,60,55,1
M,1987,S,General Science-Math,NONE,0,0,0,0,0,0
M,1987,M,English,JD,0,20,0,20,0,0
F,1987,S,English,PHD,0,0,0,0,0,0
M,1987,M,Economics,NONE,0,0,50,0,0,1
F,1987,S,Mathematics,PHD,25,30,50,50,45,1
M,1987,S,Biology,NONE,0,0,0,0,0,0
F,1987,M,Mathematics,MA,175,175,175,175,155,0
M,1987,S,Political Science,NONE,150,150,0,150,0,1
M,1987,M,Biology,MAT,0,0,0,0,0,1
F,1987,M,Chemistry,MS,25,0,0,0,15,0
F,1987,S,History,MCP,0,0,0,0,0,1
F,1987,S,Sociology,NONE,0,0,35,0,40,1
F,1987,M,Biology,MD,600,600,500,500,400,0
M,1987,M,Spanish,NONE,0,25,0,50,50,1
F,1987,M,English,MA,50,50,50,50,50,1
M,1987,M,Mathematics,NONE,150,100,0,0,100,1
M,1987,S,Art,NONE,0,0,100,100,50,1
F,1987,M,Economics,MS,0,0,0,0,0,1
M,1987,S,Economics,NONE,0,0,0,0,0,0
M,1987,S,Mathematics,NONE,0,0,0,0,0,1
F,1987,M,History,MPA,25,0,0,25,25,1
F,1987,M,Mathematics,MBA,100,100,100,300,100,1
M,1987,M,Philosophy,NONE,0,0,50,75,50,1
M,1987,S,Theatre,NONE,0,0,50,0,0,0
F,1987,M,Biology,NONE,0,0,0,0,0,0
M,1987,S,Engineering,MA,0,0,100,0,0,0
F,1987,S,Psychology,MA,500,0,500,1000,500,1
F,1987,M,Political Science,MA,75,75,75,75,75,1
M,1987,M,Psychology,MBA,0,0,205,390,190,1
F,1987,S,French,NONE,100,100,125,100,0,1
M,1987,D,General Science-Physics,NONE,0,0,0,0,0,0
F,1987,M,Chemistry,NONE,158,157,156,355,154,1
M,1987,M,Art,MA,158,50,50,150,200,1
M,1987,S,Independent,MBA,0,0,0,0,0,1
M,1987,M,Mathematics,MS,35,30,0,25,50,1
M,1987,M,Chemistry,MD,0,200,0,0,200,1
F,1987,M,Art,NONE,0,0,50,50,0,1
M,1987,M,History,NONE,0,0,0,0,0,0
F,1987,M,Sociology,MS,250,1500,0,1500,1000,0
M,1987,M,History,JD,2716,2000,1500,2675,1250,1
F,1987,S,Mathematics,MS,65,50,50,45,45,1
F,1987,M,Theatre,MFA,0,0,0,0,0,0
M,1987,S,Chemistry,NONE,0,0,0,0,0,1
M,1987,M,Economics,MD2,0,10,0,25,25,1
M,1987,M,Economics,MBA,0,150,0,0,275,1
M,1987,S,Anthropology,MBA,50,50,55,20,41,1
F,1987,S,English,NONE,0,0,0,0,0,1
F,1987,M,Psychology,NONE,0,0,0,0,0,0
M,1987,S,English,PHD,0,0,0,0,0,0
M,1987,S,Economics,NONE,0,0,0,0,0,0
F,1987,M,Physics,MS,1936.8,1623,1285.38,93.82,154,1
F,1987,M,Biology,MA,0,100,0,50,0,1
F,1987,S,American Studies,MLS,0,0,0,50,50,0
F,1987,M,Economics,JD,250,250,250,250,250,1
F,1987,S,Sociology,MS,0,0,0,0,0,1
M,1987,M,English,PHD,0,50,0,50,35,1
M,1987,S,American Studies,TC,0,0,0,0,0,0
F,1987,D,Psychology,NDA,0,0,0,0,0,0
M,1987,M,Psychology,NONE,0,0,0,0,0,1
M,1987,M,Political Science,NONE,200,167,0,0,500,1
M,1987,M,Economics,MA,0,0,0,0,250,1
M,1987,S,Political Science,MA,50,25,0,20,0,1
F,1987,M,Sociology,NONE,0,0,0,0,0,0
F,1987,M,Russian,NONE,500,500,500,500,250,1
M,1987,M,Philosophy,NONE,0,0,0,0,0,0
M,1987,S,Economics,MFA,0,0,20,20,0,1
F,1987,M,Mathematics,NONE,250,250,200,400,400,1
F,1987,M,Russian,PHD,0,0,100,100,100,1
M,1987,M,Chemistry,MS,0,0,0,155,75,1
F,1987,M,French,MA,25,50,80,77,76,1
F,1987,M,Economics,PHD,500,500,0,0,0,1
M,1987,S,History,NONE,0,0,0,0,0,0
M,1987,M,Chemistry,NONE,400,350,300,275,275,1
M,1987,M,Psychology,ME,500,200,200,300,254,1
F,1987,S,English,MFA,0,50,0,30,25,1
F,1987,M,Religious Studies,JD,75,200,200,200,125,1
M,1987,M,Biology,PHD,1936.8,1623,1285.38,93.82,154,1
F,1987,M,American Studies,MA,30,0,30,0,30,0
M,1987,S,Philosophy,NONE,0,0,0,0,0,0
F,1987,M,Chemistry,PHD,0,0,0,15,15,1
F,1987,M,Psychology,MD,2500,1500,1200,1000,1000,1
F,1987,M,French,NONE,100,0,0,25,50,1
F,1987,M,Art,NONE,0,0,0,0,0,0
F,1987,M,English,TC,100,150,155,255,100,1
F,1987,S,Political Science,NONE,158,300,300,250,50,1
F,1987,M,Political Science,NONE,0,0,0,0,10,0
F,1987,S,English,TC,100,75,50,40,25,1
F,1987,M,Biology,PHD,100,0,50,50,76.5,1
M,1987,S,Biology,NONE,0,0,0,0,50,0
F,1987,M,Chemistry,NONE,0,0,0,0,0,0
M,1987,M,English,NONE,0,100,50,50,50,1
F,1987,M,Sociology,MSW,0,0,51,51,50,1
F,1987,M,Spanish,MBA,0,0,0,0,0,0
M,1987,M,Chemistry,NONE,100,150,155,255,100,1
F,1987,S,Anthropology,JD,0,0,0,0,0,0
F,1987,S,English,NONE,0,0,0,0,0,0
F,1987,M,Anthropology,NONE,25,30,25,25,25,0
F,1987,M,Russian,NONE,0,0,0,0,0,1
F,1987,M,Psychology,NONE,0,0,0,0,0,1
F,1987,M,Sociology,MAT,40,40,0,40,40,1
M,1987,S,Mathematics,NONE,0,0,0,0,50,0
M,1987,S,Chemistry,MD,0,0,0,0,0,0
F,1987,S,History,MLS,0,0,0,0,0,1
F,1987,M,French,PHD,75,75,70,60,0,1
F,1987,M,Spanish,NONE,0,0,156,100,0,1
M,1987,M,Biology,NDA,0,0,0,255,0,1
F,1987,M,Biology,NONE,0,0,40,0,35,1
F,1987,M,Biology,NONE,0,0,0,0,0,1
F,1987,M,German,NONE,0,0,0,0,0,0
F,1987,M,Anthropology,MAE,0,0,20,0,0,1
M,1987,S,Art,NONE,0,0,0,0,0,0
M,1987,M,Psychology,UNKD,100,100,0,100,87,1
M,1987,M,Religious Studies,JD,0,0,0,100,0,1
F,1987,M,Biology,PHD,75,75,0,50,125,1
M,1987,S,Mathematics,NDA,600,0,0,600,500,0
F,1987,M,Sociology,NONE,0,50,40,35,30,1
F,1987,S,English,MA,0,0,0,0,0,1
M,1987,S,Biology,MD,0,160,0,0,0,0
F,1987,W,Religious Studies,NONE,0,0,0,0,0,1
F,1987,S,Anthropology,TC,0,0,0,0,0,0
F,1987,M,Chemistry,NONE,30,25,25,25,40,1
F,1987,S,Russian,NONE,0,0,10,10,0,0
F,1987,M,Mathematics,MM,0,100,0,0,0,1
M,1987,M,French,NDA,0,0,0,0,0,1
M,1987,M,Mathematics,TC,0,0,0,0,0,0
F,1987,S,American Studies,NONE,0,0,0,155,154,1
M,1987,M,Chemistry,NONE,0,0,0,0,0,0
F,1987,M,Art,MAT,0,0,0,0,0,1
M,1987,M,Sociology,MA,0,0,0,0,0,0
M,1987,M,Mathematics,PHD,500,300,275,0,200,1
F,1987,S,Anthropology,NONE,50,0,0,50,50,0
F,1987,M,Political Science,NONE,0,0,0,35,35,0
M,1987,M,History,NONE,0,0,0,155,100,1
F,1987,M,Spanish,NONE,0,0,0,0,0,0
M,1987,M,English,MS,0,0,0,0,0,1
F,1987,M,History,NONE,0,0,0,25,20,0
F,1987,S,Theatre,NONE,0,0,0,0,0,1
M,1987,S,Spanish,NONE,0,0,0,0,0,1
F,1987,M,Political Science,NONE,0,0,0,0,0,1
F,1987,M,Political Science,NONE,0,75,50,35,40,0
F,1987,S,History,MFA,0,0,0,0,0,1
M,1987,S,Theatre,NONE,0,0,0,0,0,0
M,1987,M,Mathematics,NONE,0,0,0,0,0,1
F,1987,S,Economics,NONE,0,0,0,0,0,0
F,1987,M,English,TC,80,70,60,50,40,0
M,1987,M,Spanish,MA,0,0,20,15,0,1
F,1987,M,Anthropology,NONE,0,0,0,0,0,0
F,1987,M,Sociology,NONE,207,50,188,326,110,1
M,1987,S,English,MS,0,0,0,0,0,1
M,1987,M,German,MBA,250,250,250,250,0,1
F,1987,S,Anthropology,NONE,0,0,100,100,0,1
F,1987,S,Anthropology,NONE,0,0,0,0,0,1
F,1987,S,Anthropology,NONE,0,0,0,0,0,0
M,1987,S,Physics,JD,0,0,50,0,0,1
M,1987,S,General Science-Physics,UBDS,0,0,0,0,0,0
M,1987,S,Economics,NONE,0,0,0,0,200,1
M,1987,S,Religious Studies,NONE,50,70,0,55,0,0
M,1987,S,History,NONE,0,0,0,0,0,1
M,1987,M,French,NONE,0,0,0,250,250,0
F,1987,M,Mathematics,MA,79,50,0,50,0,1
M,1987,S,History,NONE,0,0,0,0,0,1
M,1987,S,English,MA,0,0,0,0,0,1
M,1987,M,Biology,MS,0,25,0,25,0,1
M,1987,M,English,PHD,0,100,20,0,5,1
F,1987,S,Psychology,DC,0,0,0,25,25,0
F,1987,S,Russian,MD,0,0,0,0,0,1
M,1987,M,Political Science,JD,0,0,156,100,75,1
F,1987,M,German,NONE,0,0,0,0,0,0
F,1987,S,English,NONE,0,0,0,0,0,0
F,1987,M,French,MS,0,0,0,0,0,0
M,1987,M,Biology,NONE,0,0,0,0,0,1
F,1987,S,English,NONE,0,0,0,0,0,1
M,1987,S,Economics,NONE,0,0,0,0,0,0
F,1987,M,Mathematics,MS,50,50,50,50,50,1
F,1987,M,Mathematics,MA,0,0,0,0,0,1
M,1987,S,Economics,NDA,0,0,0,0,0,1
F,1987,S,Biology,MD,0,0,0,0,25,1
F,1987,M,Biology,MD,158,157,156,155,100,1
F,1987,M,English,MA,0,0,0,25,25,1
F,1987,S,Psychology,NONE,100,100,0,100,80,1
F,1987,M,Psychology,ME,0,0,0,0,0,1
M,1987,M,History,NONE,0,0,0,0,0,1
F,1987,M,Sociology,NONE,0,0,0,30,25,1
M,1987,M,Chemistry,PHD,0,50,25,25,0,1
M,1987,M,Chemistry,NONE,0,0,0,0,0,1
F,1987,S,Psychology,MA,158,100,75,150,50,1
M,1987,S,Anthropology,NONE,0,0,0,0,0,1
M,1987,S,English,MBA,175,175,175,155,100,1
F,1987,S,Philosophy,MA,0,0,0,0,0,0
F,1987,S,Biology,MD,75,50,50,50,20,1
F,1987,M,German,UBDS,50,0,0,0,100,1
F,1987,S,English,NONE,0,0,0,0,0,1
F,1987,D,Sociology,NONE,0,0,0,0,0,0
F,1987,S,French,MS,50,20,25,15,45,1
F,1987,S,Sociology,MA,0,0,0,0,0,0
M,1987,S,History,NONE,30,15,10,0,10,1
F,1987,M,Independent,MPA,0,0,250,200,200,1
M,1987,M,Biology,PHD,0,0,50,50,50,0
F,1987,S,Independent,NONE,0,50,40,0,50,1
M,1987,M,Psychology,NONE,50,0,0,50,125,1
F,1997,S,Theatre,NONE,0,0,0,0,0,0
M,1997,M,Chemistry,NONE,0,0,0,0,0,0
F,1997,S,Spanish,NONE,0,0,0,0,0,0
M,1997,M,Political Science,NONE,0,0,0,40,30,0
M,1997,S,Economics,NONE,0,0,0,0,0,0
M,1997,S,Mathematics,NONE,0,0,0,0,0,1
M,1997,S,Physics,MS,25,10,20,25,25,0
M,1997,M,Independent,NDA,0,0,0,0,0,0
M,1997,S,Independent,MA,20,0,0,20,0,1
F,1997,M,Biology,NDA,0,0,0,40,30,0
M,1997,S,Philosophy,NONE,0,0,0,20,0,0
F,1997,M,Psychology,NONE,0,0,0,0,0,0
F,1997,M,Sociology,NONE,0,0,0,0,0,0
F,1997,S,History,NDA,0,0,0,0,0,1
M,1997,M,Psychology,MA,10,0,0,0,0,1
F,1997,S,Political Science,NDA,0,0,0,0,0,0
F,1997,S,Biology,MA,0,0,0,0,0,1
M,1997,D,Chemistry,NDA,0,0,0,50,40,0
M,1997,M,Physics,NDA,0,20,0,0,0,1
M,1997,S,Chemistry,PHD,10,10,8,8,7,0
F,1997,M,English,NONE,0,0,0,0,0,0
M,1997,S,Economics,NONE,0,0,0,0,0,0
F,1997,M,Psychology,BN,0,10,0,5,0,1
M,1997,M,Chemistry,MD,75,70,50,30,0,1
M,1997,S,Religious Studies,NONE,0,0,0,0,0,1
M,1997,S,History,NONE,0,0,0,0,0,1
M,1997,S,Psychology,NDA,0,0,0,10,0,1
M,1997,M,Physics,NONE,0,0,0,0,0,0
F,1997,M,Chemistry,MD,0,0,0,0,0,0
M,1997,S,Art,NONE,0,0,0,0,0,0
F,1997,M,Sociology,MD,50,20,35,15,10,1
M,1997,S,Anthropology,NONE,0,0,0,0,0,1
M,1997,M,Religious Studies,MA,0,30,10,0,0,0
M,1997,M,Physics,NONE,0,0,0,0,0,1
F,1997,M,Chemistry,PHD,75,0,40,30,0,0
M,1997,S,Classics,NONE,0,0,0,0,0,1
M,1997,S,Sociology,NONE,0,0,0,0,0,0
F,1997,S,Religious Studies,NONE,0,0,0,0,0,1
F,1997,S,Anthropology,NDA,100,50,50,10,10,1
M,1997,M,Political Science,NONE,0,0,0,0,100,0
M,1997,S,Economics,NONE,0,50,0,0,0,1
M,1997,S,Physics,NONE,0,0,0,0,0,1
F,1997,M,American Studies,NDA,75,25,10,0,50,1
F,1997,S,Classics,NONE,0,0,0,0,0,0
F,1997,S,Anthropology,NONE,0,0,0,0,0,0
F,1997,S,Biology,NDA,50,0,0,0,0,1
M,1997,M,Biology,DDS,50,30,50,10,10,1
M,1997,M,Music,NONE,0,0,0,0,0,0
F,1997,S,Chemistry,PHD,25,0,25,20,0,1
F,1997,M,Sociology,JD,0,20,25,0,0,0
M,1997,M,Economics,NDA,0,0,36,20,0,0
F,1997,S,Sociology,NONE,0,0,0,0,0,0
F,1997,M,Biology,MS,20,0,10,10,0,0
M,1997,M,Psychology,MBA,0,0,0,0,0,1
F,1997,S,Religious Studies,NONE,0,0,0,0,0,0
M,1997,S,Economics,NONE,0,0,0,0,0,0
F,1997,M,Russian,NONE,0,0,0,0,0,1
M,1997,S,Music,UNKD,0,0,0,0,0,1
F,1997,S,Sociology,NDA,50,0,0,0,0,1
M,1997,M,Biology,MA,0,0,0,0,0,1
F,1997,S,Sociology,MAT,0,20,10,0,0,0
F,1997,M,Independent,NONE,0,0,0,0,0,1
F,1997,S,History,NONE,0,0,0,0,0,0
F,1997,S,Sociology,NDA,0,0,0,0,0,0
M,1997,S,Philosophy,NONE,0,0,0,0,0,0
F,1997,S,Psychology,NONE,0,0,0,0,0,1
M,1997,M,Art,MFA,10,0,0,0,0,1
M,1997,S,Music,BS,0,0,0,0,0,1
M,1997,S,Religious Studies,NDA,20,20,0,20,0,0
M,1997,M,Biology,NONE,10,0,10,15,15,0
M,1997,S,Independent,NDA,0,10,0,5,0,0
F,1997,S,Anthropology,NDA,0,10,0,20,0,1
M,1997,S,Independent,MA,30,25,30,20,0,0
M,1997,S,Philosophy,MA,0,0,0,0,0,1
F,1997,S,Biology,NONE,0,0,0,15,0,1
F,1997,S,Biology,NDA,29.47,32.71,34.12,0,0,0
M,1997,S,Political Science,NONE,0,0,0,0,0,1
F,1997,S,Biology,NDA,20,0,50,20,0,1
F,1997,S,History,MA,20,0,0,0,0,1
F,1997,S,Theatre,NONE,80,0,250,0,500,0
F,1997,S,Sociology,NONE,20,0,0,0,0,0
F,1997,S,English,NONE,0,0,0,10,0,0
F,1997,D,English,PHD,25,0,50,50,40,1
F,1997,S,Sociology,MBA,75,50,100,30,30,1
M,1997,S,General Science-Chemistry,NDA,20,0,0,0,0,0
M,1997,S,Psychology,MA,0,10,10,0,5,1
F,1997,S,Sociology,NONE,30,15,0,0,15,1
M,1997,S,Music,NONE,0,0,0,75,0,1
M,1997,S,Economics,NONE,0,0,0,10,0,0
M,1997,S,Psychology,MA,0,0,0,0,0,0
M,1997,S,Economics,NONE,0,0,0,0,0,0
M,1997,M,Economics,NDA,25,15,0,0,0,0
M,1997,M,Theatre,MFA,0,0,0,0,0,0
M,1997,S,Political Science,NDA,0,0,0,0,0,1
F,1997,S,Philosophy,MS,0,0,10,0,0,1
F,1997,M,French,MBA,0,0,0,0,0,1
F,1997,S,Anthropology,NONE,0,0,0,0,0,0
F,1997,S,English,NONE,0,50,0,0,0,1
M,1997,S,Psychology,MS,0,0,0,0,0,1
F,1997,M,American Studies,JD,50,50,50,0,20,1
F,1997,M,Mathematics,NONE,0,0,0,0,0,0
M,1997,S,English,NONE,0,0,0,0,0,0
M,1997,M,Art,NDA,100,100,85,75,50,0
M,1997,S,English,NONE,0,0,0,0,0,0
M,1997,M,Religious Studies,MD2,50,50,25,20,55,0
F,1997,M,History,JD,100,30,25,20,20,1
M,1997,S,Sociology,NONE,0,50,0,0,30,1
F,1997,S,Biology,NONE,30,0,0,0,10,1
F,1997,M,Biology,MD,10,0,0,0,0,0
M,1997,M,Biology,JD,0,0,0,0,0,1
F,1997,S,Philosophy,JD,0,0,15,0,0,1
M,1997,M,Mathematics,NONE,250,200,200,160,175,1
F,1997,M,English,MA,158,157,156,156,0,1
F,1997,M,Anthropology,MA,15,0,0,0,0,1
M,1997,S,Theatre,NONE,0,25,25,20,0,1
F,1997,S,English,JD,0,0,0,0,0,0
M,1997,M,Music,BAE,0,0,0,0,0,0
F,1997,S,Anthropology,TC,0,0,0,0,0,0
F,1997,M,Music,NONE,0,0,10,5,0,0
M,1997,M,Economics,PHD,45,40,10,9,8,0
F,1997,S,Economics,NONE,0,0,0,0,0,1
M,1997,S,General Science-Chemistry,NDA,0,0,160,0,0,0
F,1997,S,American Studies,MBA,0,0,0,0,0,1
F,1997,M,English,JD,0,0,0,0,0,0
M,1997,S,Art,NONE,0,0,0,0,0,0
F,1997,M,Political Science,NDA,0,0,0,0,0,1
M,1997,S,Economics,NONE,0,0,0,0,0,0
M,1997,S,General Science-Chemistry,NONE,0,0,0,0,0,1
F,1997,M,Political Science,JD,0,200,200,0,0,0
M,1997,S,Economics,MS,0,0,20,20,0,1
M,1997,S,Music,NONE,0,0,0,50,50,1
F,1997,S,Psychology,TC,0,0,0,0,0,1
F,1997,S,Biology,DO,0,13,10,0,10,1
M,1997,S,English,NONE,0,0,0,0,0,0
M,1997,S,English,NDA,0,0,50,40,30,1
F,1997,S,Psychology,MS,0,0,0,10,0,1
F,1997,S,Sociology,NDA,0,0,0,0,0,0
M,1997,S,American Studies,NONE,0,0,0,0,0,0
M,1997,S,American Studies,NONE,51,50,25,0,50,1
F,1997,S,Biology,NONE,0,0,0,0,0,0
M,1997,M,Psychology,NDA,0,10,0,0,0,1
M,1997,S,Chemistry,NDA,25,25,45,0,0,1
M,1997,S,Biology,NONE,0,0,0,0,0,0
F,1997,S,Independent,NONE,0,10,0,0,0,0
F,1997,S,English,MA,0,0,0,0,0,1
M,1997,S,General Science-Chemistry,NONE,0,0,35,0,0,1
F,1997,S,Theatre,NONE,0,0,0,0,0,0
F,1997,S,Political Science,JD,175,157,40,30,25,1
F,1997,M,English,JD,50,25,10,25,20,1
F,1997,S,Political Science,MBA,10,0,0,0,0,1
M,1997,S,Biology,NONE,0,0,0,0,0,0
F,1997,S,Chemistry,NDA,0,0,20,15,10,1
F,1997,S,History,JD,0,0,0,0,0,0
F,1997,S,Independent,NONE,0,0,0,0,0,0
F,1997,S,Theatre,NONE,0,0,0,10,0,0
M,1997,S,Chemistry,NONE,0,0,0,0,5,1
F,1997,M,Biology,DP,20,10,0,0,0,1
F,1997,M,History,MA,0,25,20,0,20,1
M,1997,S,Computer Science,NONE,0,320,160,80,20,0
M,1997,D,Chemistry,NDA,25,0,20,25,0,1
M,1997,S,Economics,NONE,0,0,0,0,0,1
M,1997,M,English,NONE,0,25,0,0,0,1
F,1997,S,Sociology,NONE,0,0,0,0,0,0
F,1997,S,Art,NDA,0,0,0,0,0,1
F,1997,M,Sociology,NONE,0,0,0,100,0,0
M,1997,M,Chemistry,MS,10,25,25,25,5,1
F,1997,S,Biology,MS,0,0,10,10,0,0
F,1997,S,Biology,MS,0,30,25,25,0,1
F,1997,S,History,NONE,50,0,0,50,0,1
F,1997,S,Theatre,JD,0,0,0,0,0,1
F,1997,M,Anthropology,JD,50,50,50,50,30,1
F,1997,M,Spanish,NDA,10,0,10,15,15,0
F,1997,M,Art,NONE,0,0,0,0,0,0
F,1997,S,Political Science,MA,50,20,0,50,0,1
M,1997,M,Economics,MBA,158,157,50,30,30,1
M,1997,S,Biology,MD,0,0,0,5,0,0
M,1997,S,Biology,NONE,5,10,10,5,10,1
M,1997,S,Psychology,NDA,0,0,0,0,0,1
F,1997,S,Political Science,MA,0,0,0,0,0,1
F,1997,M,Sociology,MPH,75,70,50,30,25,1
M,1997,S,Chinese,NONE,0,0,0,0,0,0
F,1997,S,Physics,NONE,0,0,0,0,0,1
F,1997,M,Political Science,NONE,0,0,0,0,0,0
F,1997,S,Music,MA,0,0,0,0,0,0
F,1997,M,German,MBA,20,0,0,15,0,1
M,1997,M,American Studies,NONE,0,0,0,0,0,1
M,1997,S,Theatre,MFA,25,10,0,25,20,1
F,1997,M,English,PHD,50,30,10,30,10,0
F,1997,M,English,MA,0,25,20,0,0,1
F,1997,S,American Studies,MA,0,0,25,20,0,0
M,1997,S,Computer Science,NONE,0,0,0,0,0,0
F,1997,M,History,MA,10,0,25,10,0,1
M,1997,M,History,MA,158,157,75,0,50,1
F,1997,S,Psychology,NONE,0,0,0,0,0,1
M,1997,S,Political Science,MPA,25,0,25,25,0,1
F,1997,M,English,MA,25,25,0,0,0,1
F,1997,M,Political Science,JD,50,50,50,50,50,1
M,1997,S,Political Science,NDA,5,5,5,5,5,1
F,1997,S,Political Science,MA,0,50,25,0,0,1
F,1997,S,Independent,MS,50,25,25,10,5,1
F,1997,S,History,NDA,0,10,10,10,0,0
M,1997,S,German,BN,100,0,0,0,0,1
F,1997,S,Psychology,MSM,50,50,0,10,15,1
M,1997,M,Mathematics,PHD,158,0,100,100,0,1
M,1997,M,Classics,JD,1000,1000,0,750,0,1
M,1997,S,Mathematics,NDA,0,0,100,0,0,1
M,1997,M,Economics,MBA,0,0,0,0,0,1
F,1997,M,French,TC,0,0,0,0,0,0
F,1997,M,Music,BA,0,50,0,0,0,1
F,1997,S,French,NONE,0,0,0,0,0,0
F,1997,S,Anthropology,JD,0,0,0,0,0,1
M,1997,M,Economics,NONE,0,0,25,0,0,0
F,1997,S,Chemistry,MPH,25,0,10,10,5,1
F,1997,S,Physics,NONE,0,0,10,10,0,0
F,1997,S,Political Science,MA,70,60,0,0,0,0
F,1997,S,Biology,NDA,10,10,0,0,10,1
F,1997,S,Psychology,PHD,0,0,0,10,0,0
F,1997,S,Biology,MD,25,0,0,20,0,1
M,1997,M,Chemistry,PHD,250,0,25,0,0,0
M,1997,S,Sociology,NONE,0,0,0,0,0,1
F,1997,S,Biology,MPA,0,0,0,0,0,1
F,1997,M,English,MA,0,0,0,0,0,1
F,1997,M,Political Science,NONE,158,157,156,155,40,1
M,1997,S,French,NONE,25,0,25,20,40,0
F,1997,S,Sociology,NONE,0,10,0,0,0,0
F,1997,M,Political Science,NONE,0,0,0,0,0,1
M,1997,S,Physics,MS,158,125,100,100,40,1
F,1997,S,History,NONE,0,0,0,0,0,0
M,1997,S,Biology,NDA,0,0,0,10,0,1
M,1997,S,Psychology,NDA,0,0,0,0,25,1
M,1997,S,Psychology,TC,0,0,0,0,0,0
M,1997,S,Chemistry,PHD,50,20,20,15,0,1
F,1997,S,Art,NONE,0,5,0,0,0,0
M,1997,S,Religious Studies,NONE,100,50,0,0,0,1
F,1997,S,Anthropology,NONE,0,50,20,0,0,0
F,1997,S,Anthropology,NDA,40,40,35,40,35,1
F,1997,S,French,NONE,0,0,0,0,0,0
M,1997,M,Economics,NONE,200,0,0,560,30,1
F,1997,S,Russian,NONE,0,0,0,10,0,0
F,1997,S,Political Science,NONE,0,0,0,0,0,1
M,1997,S,Spanish,NONE,0,0,0,250,0,1
M,1997,S,Theatre,NONE,0,10,30,25,10,1
M,1997,M,Economics,JD,100,30,0,20,60,1
M,1997,S,Chemistry,PHD,50,10,10,0,0,1
M,1997,S,Chemistry,MD,0,0,0,0,0,0
M,1997,D,Sociology,NDA,0,0,0,0,0,1
F,1997,S,Psychology,NONE,0,10,0,0,0,0
F,1997,S,Philosophy,NONE,0,0,0,0,10,1
F,1997,M,Physics,NONE,0,0,0,10,0,1
M,1997,S,Biology,NDA,0,25,50,0,25,1
F,1997,S,Computer Science,NONE,0,50,0,0,0,1
F,1997,S,Theatre,MFA,20,0,0,10,0,1
M,1997,S,Theatre,NDA,0,0,0,0,0,0
F,1997,D,French,MA,0,0,0,0,0,1
M,1997,S,English,NONE,30,30,25,0,0,0
F,1997,S,General Science-Biology,NONE,0,0,0,0,0,1
F,1997,S,English,ME,0,0,25,10,0,1
F,1997,S,Biology,MD,0,0,0,0,0,0
M,1997,S,Physics,MS,20,0,0,20,20,1
M,1997,M,Psychology,MSW,20,10,0,10,0,1
M,1997,S,Physics,NONE,20,20,0,0,0,1
F,1997,S,History,MFA,15,10,0,10,0,1
M,1997,M,Psychology,MD,502.4,75,10,7,6.5,1
F,1997,S,American Studies,NONE,0,25,15,0,0,1
F,1997,S,Biology,NDA,15,20,20,10,10,1
F,1997,S,English,NDA,0,0,20,0,0,1
M,1997,M,Sociology,MSW,0,40,40,0,25,1
M,1997,M,American Studies,NONE,0,10,0,0,0,1
M,1997,M,Biology,MA,60,50,50,35,25,0
M,1997,M,Economics,NONE,158,0,156,155,154,1
M,1997,M,English,BA,20,0,15,10,5,1
M,1997,S,History,NDA,10,10,0,10,10,0
F,1997,M,French,UNKD,0,0,0,0,0,1
F,1997,M,Anthropology,NONE,25,25,25,20,20,1
M,1997,S,Political Science,JD,0,50,0,0,0,1
F,1997,S,Sociology,NONE,0,0,0,0,0,0
M,1997,M,Political Science,NDA,0,0,0,0,0,0
F,1997,S,Sociology,NONE,0,0,0,0,0,0
F,1997,D,History,NONE,0,0,0,0,0,1
F,1997,M,Art,MA,0,20,0,0,0,1
F,1997,S,Spanish,MA,0,0,0,0,0,0
F,1997,S,Religious Studies,NONE,0,0,0,10,0,0
M,1997,S,English,NONE,0,80,75,50,50,1
F,1997,S,History,NONE,0,0,0,0,0,1
M,1997,S,Classics,NONE,0,0,0,0,0,0
F,1997,S,Art,NONE,0,0,0,0,0,0
F,1997,M,English,NONE,25,0,25,10,5,0
M,1997,S,Economics,JD,100,100,100,50,50,1
F,1997,M,General Science-Biology,MD,0,0,0,0,0,1
F,1997,M,English,NONE,0,0,0,0,0,0
F,1997,M,Psychology,NDA,0,0,0,0,0,0
F,1997,S,Sociology,NONE,0,0,0,0,0,0
F,1997,S,English,NONE,0,0,100,155,100,1
F,1997,S,Sociology,NONE,0,0,0,0,0,1
M,1997,S,History,ME,0,0,0,0,25,1
M,1997,M,General Science-Chemistry,NONE,158,157,156,156,154,1
F,1997,S,Biology,NDA,0,50,25,0,0,0
F,1997,S,Biology,MD,0,0,0,0,0,1
F,1997,S,Spanish,MD2,10,0,0,0,0,0
F,1997,S,Sociology,NONE,0,0,0,0,0,0
F,1997,M,German,MD,0,0,0,0,0,0
F,1997,S,Chemistry,NONE,0,0,30,0,0,1
F,1997,S,Chemistry,MD,0,0,0,50,0,1
M,1997,S,Anthropology,NONE,0,0,0,0,0,0
M,1997,S,Independent,NDA,0,0,0,0,0,1
F,1997,S,Art,NONE,10,10,10,10,10,0
M,1997,M,Computer Science,NONE,158,0,1000,1000,160,1
F,1997,S,Anthropology,MLS,20,20,0,0,20,1
M,1997,S,Mathematics,MFA,50,50,50,30,50,1
M,1997,S,English,NONE,50,0,0,50,50,1
M,1997,M,Economics,NONE,0,50,0,0,0,1
M,1997,M,Political Science,JD,300,0,25,500,25,1
M,1997,S,Economics,NONE,158,0,0,0,0,1
F,1997,S,Anthropology,MA,35,0,40,35,25,1
M,1997,M,Economics,PHD,100,100,200,10,80,1
F,1997,S,Sociology,NONE,0,0,0,20,0,0
F,1997,M,Psychology,NONE,0,0,0,0,0,0
F,1997,M,Political Science,JD,158,157,75,65,50,1
M,1997,S,Sociology,NONE,0,0,0,0,0,0
F,1997,M,Chemistry,MD,0,0,20,15,0,1
F,1997,S,Sociology,NONE,10,10,10,10,10,1
M,1997,S,Economics,NONE,10,10,10,10,0,1
M,1997,S,Chemistry,NDA,158,128.34,32.52,32.86,40,0
F,1997,S,Biology,MA,0,50,0,20,0,1
M,1997,S,Mathematics,NONE,15,0,15,15,0,1
F,1997,S,English,MA,30,0,15,25,25,1
M,1997,S,German,MLS,100,30,20,0,20,1
M,1997,M,Economics,NONE,0,0,155,0,50,0
M,1997,S,Psychology,NONE,0,0,0,0,0,0
M,1997,S,Biology,NONE,0,0,0,0,0,0
F,1997,M,Biology,NDA,0,0,0,0,0,1
M,1997,S,Physics,BSE2,0,160,157,0,40,1
F,1997,M,Spanish,NONE,0,0,0,0,0,0
M,1997,M,Music,MA,0,0,0,10,0,1
F,1997,S,English,MA,0,25,10,25,20,1
M,1997,S,Economics,JD,0,0,0,35,0,0
F,1997,M,German,NONE,0,0,0,0,0,1
M,1997,S,Political Science,JD,50,25,25,10,0,1
M,1997,S,History,NONE,0,0,0,0,0,0
F,1997,S,History,NONE,0,0,40,31,30,1
M,1997,M,General Science-Physics,NONE,0,0,0,0,0,0
M,1997,M,Economics,NONE,0,0,0,0,0,1
M,1997,M,Chinese,NONE,158,50,21,20,16,0
F,1997,S,Anthropology,NDA,0,0,0,0,0,0
M,1997,M,Anthropology,NONE,50,50,25,20,0,1
M,1997,M,Music,NONE,30,25,10,10,10,1
M,1997,S,Economics,JD,50,50,50,10,25,1
M,1997,S,History,NONE,0,0,0,50,25,0
M,1997,S,History,JD,50,50,50,50,0,1
M,1997,M,Sociology,ME,158,157,25,25,154,1
F,1997,M,Political Science,NDA,250,200,200,160,175,1
M,1997,S,Political Science,NDA,5,0,0,0,0,0
F,1997,S,History,NDA,0,0,0,0,0,1
F,1997,M,General Science-Psycho,TC,200,200,200,200,154,1
F,1997,M,Political Science,NONE,0,0,0,0,0,1
F,1997,S,Music,PHD,0,0,10,0,5,1
M,1997,M,Art,NONE,0,0,0,0,0,0
F,1997,M,Art,NDA,0,0,0,0,0,0
F,1997,S,Spanish,NDA,10,20,20,20,20,0
F,1997,S,Spanish,NONE,25,0,0,10,0,0
M,1997,S,Economics,NDA,158,0,50,20,50,1
